Wall time,Step,Value
1692649473.9764216,10,2.5418334007263184
1692649594.6214213,20,2.4838898181915283
1692649715.8161044,30,2.4144229888916016
1692649836.3549957,40,2.3463451862335205
1692649954.2882223,50,2.2937214374542236
1692650076.363769,60,2.2630722522735596
1692650194.5594935,70,2.2516162395477295
